<keymap version="1" name="Windows copy" parent="$default">
  <action id="ActivateStructureToolWindow">
    <keyboard-shortcut first-keystroke="alt 7" />
    <keyboard-shortcut first-keystroke="alt m" />
  </action>
  <action id="CheckinProject" />
  <action id="EditorDown">
    <keyboard-shortcut first-keystroke="down" />
    <keyboard-shortcut first-keystroke="ctrl j" />
  </action>
  <action id="EditorJoinLines" />
  <action id="EditorLeft">
    <keyboard-shortcut first-keystroke="left" />
    <keyboard-shortcut first-keystroke="ctrl h" />
  </action>
  <action id="EditorRight">
    <keyboard-shortcut first-keystroke="right" />
    <keyboard-shortcut first-keystroke="ctrl l" />
  </action>
  <action id="EditorScrollDownAndMove">
    <keyboard-shortcut first-keystroke="shift ctrl j" />
  </action>
  <action id="EditorScrollUpAndMove">
    <keyboard-shortcut first-keystroke="shift ctrl k" />
  </action>
  <action id="EditorToggleShowBreadcrumbs">
    <keyboard-shortcut first-keystroke="alt u" />
  </action>
  <action id="EditorUp">
    <keyboard-shortcut first-keystroke="up" />
    <keyboard-shortcut first-keystroke="ctrl k" />
  </action>
  <action id="FindNext">
    <keyboard-shortcut first-keystroke="f3" />
  </action>
  <action id="InsertLiveTemplate" />
  <action id="Vcs.Log.FocusTextFilter" />
  <action id="Vcs.Push" />
  <action id="Vcs.ToggleAmendCommitMode" />
</keymap>