<keymap version="1" name="Windows copy" parent="$default">
  <action id="ActivateStructureToolWindow">
    <keyboard-shortcut first-keystroke="alt 7" />
    <keyboard-shortcut first-keystroke="alt m" />
  </action>
  <action id="ActivateTerminalToolWindow">
    <keyboard-shortcut first-keystroke="alt f12" />
    <keyboard-shortcut first-keystroke="alt l" />
  </action>
  <action id="Back">
    <keyboard-shortcut first-keystroke="ctrl alt left" />
    <mouse-shortcut keystroke="button4" />
    <keyboard-shortcut first-keystroke="alt open_bracket" />
  </action>
  <action id="CheckinProject" />
  <action id="CloseContent">
    <keyboard-shortcut first-keystroke="ctrl f4" />
    <keyboard-shortcut first-keystroke="ctrl w" />
  </action>
  <action id="EditorJoinLines" />
  <action id="EditorLookupDown" />
  <action id="EditorLookupUp" />
  <action id="EditorScrollDown" />
  <action id="EditorScrollDownAndMove">
    <keyboard-shortcut first-keystroke="ctrl down" />
    <keyboard-shortcut first-keystroke="ctrl j" />
  </action>
  <action id="EditorScrollToCenter" />
  <action id="EditorScrollUp" />
  <action id="EditorScrollUpAndMove">
    <keyboard-shortcut first-keystroke="ctrl up" />
    <keyboard-shortcut first-keystroke="ctrl k" />
  </action>
  <action id="EditorSelectWord" />
  <action id="EditorToggleCase" />
  <action id="EditorToggleShowBreadcrumbs">
    <keyboard-shortcut first-keystroke="alt b" />
  </action>
  <action id="FileChooser.NewFolder">
    <keyboard-shortcut first-keystroke="alt insert" />
  </action>
  <action id="FileChooser.TogglePathShowing">
    <keyboard-shortcut first-keystroke="shift ctrl back_slash" />
  </action>
  <action id="FileStructurePopup">
    <keyboard-shortcut first-keystroke="ctrl f12" />
    <keyboard-shortcut first-keystroke="ctrl m" />
  </action>
  <action id="FindNext">
    <keyboard-shortcut first-keystroke="f3" />
  </action>
  <action id="Forward">
    <keyboard-shortcut first-keystroke="ctrl alt right" />
    <mouse-shortcut keystroke="button5" />
    <keyboard-shortcut first-keystroke="alt close_bracket" />
  </action>
  <action id="Git.Pull">
    <keyboard-shortcut first-keystroke="shift ctrl j" />
  </action>
  <action id="GotoChangedFile" />
  <action id="GotoClass" />
  <action id="GotoFile" />
  <action id="GotoNextElementUnderCaretUsage">
    <keyboard-shortcut first-keystroke="ctrl n" />
  </action>
  <action id="GotoPrevElementUnderCaretUsage">
    <keyboard-shortcut first-keystroke="ctrl p" />
  </action>
  <action id="GotoSuperMethod" />
  <action id="HighlightUsagesInFile">
    <keyboard-shortcut first-keystroke="shift ctrl f7" />
    <keyboard-shortcut first-keystroke="ctrl u" />
  </action>
  <action id="HippieCompletion" />
  <action id="InsertLiveTemplate" />
  <action id="MethodOverloadSwitchDown" />
  <action id="MethodOverloadSwitchUp" />
  <action id="NewElement">
    <keyboard-shortcut first-keystroke="alt insert" />
    <keyboard-shortcut first-keystroke="shift ctrl n" />
  </action>
  <action id="ParameterInfo" />
  <action id="ScrollTreeToCenter" />
  <action id="SearchEverywhere">
    <keyboard-shortcut first-keystroke="shift ctrl f9" />
  </action>
  <action id="SearchEverywhere.NavigateToNextGroup">
    <keyboard-shortcut first-keystroke="page_down" />
  </action>
  <action id="SearchEverywhere.NavigateToPrevGroup">
    <keyboard-shortcut first-keystroke="page_up" />
  </action>
  <action id="SelectNextOccurrence" />
  <action id="ServiceView.GroupByContributor" />
  <action id="ShelveChanges.UnshelveWithDialog" />
  <action id="ShowNavBar">
    <keyboard-shortcut first-keystroke="alt home" />
    <keyboard-shortcut first-keystroke="alt i" />
  </action>
  <action id="ShowUsages">
    <keyboard-shortcut first-keystroke="ctrl alt f7" />
    <keyboard-shortcut first-keystroke="alt u" />
  </action>
  <action id="SurroundWith" />
  <action id="ToggleFullScreen">
    <keyboard-shortcut first-keystroke="ctrl back_slash" />
  </action>
  <action id="UsageGrouping.UsageType" />
  <action id="Vcs.Log.FocusTextFilter" />
  <action id="Vcs.ShowMessageHistory" />
  <action id="ViewMainMenu">
    <keyboard-shortcut first-keystroke="shift ctrl s" />
  </action>
</keymap>