<application>
  <component name="ProjectJdkTable">
    <jdk version="2">
      <name value="Python 3.7 (bluelog)" />
      <type value="Python SDK" />
      <version value="Python 3.7.3" />
      <homePath value="C:\Users\akin\coding\gitxxb\bluelog\.venv\Scripts\python.exe" />
      <roots>
        <classPath>
          <root type="composite">
            <root url="file://$USER_HOME$/.pyenv/pyenv-win/versions/3.7.3/DLLs" type="simple" />
            <root url="file://$USER_HOME$/.pyenv/pyenv-win/versions/3.7.3/Lib" type="simple" />
            <root url="file://$USER_HOME$/.pyenv/pyenv-win/versions/3.7.3" type="simple" />
            <root url="file://$USER_HOME$/coding/gitxxb/bluelog/.venv" type="simple" />
            <root url="file://$USER_HOME$/coding/gitxxb/bluelog/.venv/Lib/site-packages" type="simple" />
            <root url="file://$USER_HOME$/AppData/Local/JetBrains/PyCharmCE2020.2/python_stubs/693334225" type="simple" />
            <root url="file://$APPLICATION_HOME_DIR$/plugins/python-ce/helpers/python-skeletons" type="simple" />
            <root url="file://$APPLICATION_HOME_DIR$/plugins/python-ce/helpers/typeshed/stdlib/3.7" type="simple" />
            <root url="file://$APPLICATION_HOME_DIR$/plugins/python-ce/helpers/typeshed/stdlib/3" type="simple" />
            <root url="file://$APPLICATION_HOME_DIR$/plugins/python-ce/helpers/typeshed/stdlib/2and3" type="simple" />
            <root url="file://$APPLICATION_HOME_DIR$/plugins/python-ce/helpers/typeshed/third_party/3" type="simple" />
            <root url="file://$APPLICATION_HOME_DIR$/plugins/python-ce/helpers/typeshed/third_party/2and3" type="simple" />
          </root>
        </classPath>
        <sourcePath>
          <root type="composite" />
        </sourcePath>
      </roots>
      <additional ASSOCIATED_PROJECT_PATH="$USER_HOME$/coding/gitxxb/bluelog" />
    </jdk>
    <jdk version="2">
      <name value="Python 3.7 (thefuck)" />
      <type value="Python SDK" />
      <version value="Python 3.7.3" />
      <homePath value="F:\ckt\__zhaogang\Git_repos\Github\thefuck\venv\Scripts\python.exe" />
      <roots>
        <classPath>
          <root type="composite">
            <root url="file://$USER_HOME$/.pyenv/pyenv-win/versions/3.7.3/DLLs" type="simple" />
            <root url="file://$USER_HOME$/.pyenv/pyenv-win/versions/3.7.3/Lib" type="simple" />
            <root url="file://$USER_HOME$/.pyenv/pyenv-win/versions/3.7.3" type="simple" />
            <root url="file://F:/ckt/__zhaogang/Git_repos/Github/thefuck/venv" type="simple" />
            <root url="file://F:/ckt/__zhaogang/Git_repos/Github/thefuck/venv/Lib/site-packages" type="simple" />
            <root url="file://$USER_HOME$/AppData/Local/JetBrains/PyCharmCE2020.2/python_stubs/1822716553" type="simple" />
            <root url="file://$APPLICATION_HOME_DIR$/plugins/python-ce/helpers/python-skeletons" type="simple" />
            <root url="file://$APPLICATION_HOME_DIR$/plugins/python-ce/helpers/typeshed/stdlib/3.7" type="simple" />
            <root url="file://$APPLICATION_HOME_DIR$/plugins/python-ce/helpers/typeshed/stdlib/3" type="simple" />
            <root url="file://$APPLICATION_HOME_DIR$/plugins/python-ce/helpers/typeshed/stdlib/2and3" type="simple" />
            <root url="file://$APPLICATION_HOME_DIR$/plugins/python-ce/helpers/typeshed/third_party/3" type="simple" />
            <root url="file://$APPLICATION_HOME_DIR$/plugins/python-ce/helpers/typeshed/third_party/2and3" type="simple" />
          </root>
        </classPath>
        <sourcePath>
          <root type="composite" />
        </sourcePath>
      </roots>
      <additional ASSOCIATED_PROJECT_PATH="F:/ckt/__zhaogang/Git_repos/Github/thefuck" />
    </jdk>
    <jdk version="2">
      <name value="Python 3.7 (pyspider)" />
      <type value="Python SDK" />
      <version value="Python 3.7.3" />
      <homePath value="C:\Users\akin\coding\gitxxb\pyspider\venv\Scripts\python.exe" />
      <roots>
        <classPath>
          <root type="composite">
            <root url="file://$USER_HOME$/.pyenv/pyenv-win/versions/3.7.3/DLLs" type="simple" />
            <root url="file://$USER_HOME$/.pyenv/pyenv-win/versions/3.7.3/Lib" type="simple" />
            <root url="file://$USER_HOME$/.pyenv/pyenv-win/versions/3.7.3" type="simple" />
            <root url="file://$USER_HOME$/coding/gitxxb/pyspider/venv" type="simple" />
            <root url="file://$USER_HOME$/coding/gitxxb/pyspider/venv/Lib/site-packages" type="simple" />
            <root url="file://$USER_HOME$/AppData/Local/JetBrains/PyCharmCE2020.2/python_stubs/-1193093607" type="simple" />
            <root url="file://$APPLICATION_HOME_DIR$/plugins/python-ce/helpers/python-skeletons" type="simple" />
            <root url="file://$APPLICATION_HOME_DIR$/plugins/python-ce/helpers/typeshed/stdlib/3.7" type="simple" />
            <root url="file://$APPLICATION_HOME_DIR$/plugins/python-ce/helpers/typeshed/stdlib/3" type="simple" />
            <root url="file://$APPLICATION_HOME_DIR$/plugins/python-ce/helpers/typeshed/stdlib/2and3" type="simple" />
            <root url="file://$APPLICATION_HOME_DIR$/plugins/python-ce/helpers/typeshed/third_party/3" type="simple" />
            <root url="file://$APPLICATION_HOME_DIR$/plugins/python-ce/helpers/typeshed/third_party/2and3" type="simple" />
          </root>
        </classPath>
        <sourcePath>
          <root type="composite" />
        </sourcePath>
      </roots>
      <additional ASSOCIATED_PROJECT_PATH="$USER_HOME$/coding/gitxxb/pyspider" />
    </jdk>
  </component>
</application>